{"cameraMode":{"drawMode":0,"name":"Shaded","section":"Shading Mode"},"sceneLighting":false,"audioPlay":false,"sceneViewState":{"m_AlwaysRefresh":false,"showFog":false,"showSkybox":false,"showFlares":false,"showImageEffects":false,"showParticleSystems":false,"showVisualEffectGraphs":true,"m_FxEnabled":true},"in2DMode":false,"pivot":{"x":0.47006136178970339,"y":1.5444345474243165,"z":0.15743380784988404},"rotation":{"x":-0.001114480197429657,"y":0.9806779623031616,"z":-0.19553819298744203,"w":-0.005589078180491924},"size":3.636622667312622,"orthographic":false}